sha256,domain,uri
759ac6e54801e7171de39e637b9bb525198057c51c1634b09450b64e8ef47255,boxofficeseer.com,/s/0.7.8/clarity.js
1e3b373f2438f1cc37e15fdede581bdf2f7fc22068534c89cb4e0c128d0e45dd,rosevalleylimousine.com,/login.sophos.com/B2C_1A_signup_signin/api/SelfAsserted/confirmed
152455f9d970f900eb237e1fc2c29ac4c72616485b04e07c7e733b95b6afc4d8,23-92-30-58.ip.linodeusercontent.com,/etc.clientlibs/sapdx/front-layer/dist/resources/sapcom/919.9853a7ee629d48b1ddbe.js
19eae7c0b7a1096a71b595befa655803c735006d75d5041c0e18307bd967dee6,d1hp6ufzqrj3xv.cloudfront.net,/organizations/oauth2/v2.0/authorize
7f71d316c197e4e0aa1fce9d40c6068ada4249009e5da51479318de039973ad8,139-177-202-78.ip.linodeusercontent.com,/etc.clientlibs/sapdx/front-layer/dist/resources/sapcom/919.9853a7ee629d48b1ddbe.js
9a08d2db7d0bd7d4251533551d4def0f5ee52e67dff13a2924191c8258573024,boxofficeseer.com,/s/0.7.8/clarity.js
f3b0357562e51311648684d381a23fa2c1d0900c32f5c4b03f4ad68f06e2adc1,d1hp6ufzqrj3xv.cloudfront.net,/organizations/oauth2/v2.0/authorize
2fd38f6329b9b2c5e0379a445e81ece43fe0372dec260c1a17eefba6df9ffd55,aviditycellars.com,/etc.clientlibs/sapdx/front-layer/dist/resources/sapcom/919.9853a7ee629d48b1ddbe.js
3d2499e5c9b46f1f144cfbbd4a2c8ca50a3c109496a936550cbb463edf08cd79,makethumbmoney.com,/s/0.7.8/clarity.js
ab7cab5192f0bef148670338136b0d3affe8ae0845e0590228929aef70cb9b8b,rosevalleylimousine.com,/login.sophos.com/B2C_1A_signup_signin/api/SelfAsserted/confirmed
f89cfbc1d984d01c57dd1c3e8c92c7debc2beb5a2a43c1df028269a843525a38,aviditycellars.com,/etc.clientlibs/sapdx/front-layer/dist/resources/sapcom/919.9853a7ee629d48b1ddbe.js
