sha256,watermark,domain,uri
0091186459998ad5b699fdd54d57b1741af73838841c849c47f86601776b0b33,1580103824,technicollit.com,/safebrowsing/b0kKKIjr/AzX9ZHB37oJfPsUBUaxBJjzzi132cYRZhUZc81g
0603cf8f5343723892f08e990ae2de8649fcb4f2fd4ef3a456ef9519b545ed9e,1580103824,clippershipintl.com,/safebrowsing/sj0IWAb/YhcZADXFB3NHbxFtKgpqBtK9BllJiGEL
122b77fd4d020f99de66bba8346961b565e804a3c29d0757db807321e9910833,1580103824,bimelectrical.com,/safebrowsing/7IAMO/hxNTeZ8lBNYqjAsQ2tBRS
17392d830935cfad96009107e8b034f952fb528f226a9428718669397bafd987,1580103824,braprest.com,/safebrowsing/d5pERENa/3tPCoNwoGwXAvV1w1JAS-OOPyVYxL1K2styHFtbXar7ME
18a9eafb936bf1d527bd4f0bfae623400d63671bafd0aad0f72bfb59beb44d5f,1580103824,geotypico.com,/safebrowsing/d5pERENa/f5oBhEk7xS3cXxstp6Kx1G7u3N546UStcg9nEnzJn2k
19e7bb5fa5262987d9903f388c4875ff2a376581e4c28dbf5ae7d128676b7065,1101991775,expreshon.com,/safebrowsing/fDeBjO/2hmXORzLK7PkevU1TehrmzD5z9
20e43f60a29bab142f050fab8c5671a0709ee4ed90a6279a80dd850e6f071464,1580103824,final-work.com,/safebrowsing/AvuvAkxsR/8I6ikMUvdNd8HOgMeD0sPfGpwSZEMr
2e0767958435dd4d218ba0bc99041cc9f12c9430a09bb1222ac9d1b7922c2632,1101991775,deep-linking.com,/safebrowsing/fDeBjO/vnZNyQrwUjndCPsCUXSaI
397c08f5cdc59085a48541c89d23a8880d41552031955c4ba38ff62e57cfd803,1580103824,intradayinvestment.com,/safebrowsing/dpNqi/nXeFgGufr9VqHjDdsIZbw-ZH0
39ed516d8f9d9253e590bad7c5daecce9df21f1341fb7df95d7caa31779ea40f,1580103824,electronic-infinity.com,/safebrowsing/TKc3hA/t-nAkENGu9rpZ9ebRRXr79b
3a1e65d7e9c3c23c41cb1b7d1117be4355bebf0531c7473a77f957d99e6ad1d4,1580103824,change-land.com,/safebrowsing/TKc3hA/nLTHCIhzOKpdFp0GFHYBK-0bRwdNDlZz6Qc
3b3bdd819f4ee8daa61f07fc9197b2b39d0434206be757679c993b11acc8d05f,1580103824,setechnowork.com,/safebrowsing/fBm1b/JbcKDYjMWcQNjn69LnGggFe6mpjn5xOQ
4420bd041ae77fce2116e6bd98f4ed6945514fad8edfbeeeab0874c84054c80a,1580103824,change-land.com,/safebrowsing/TKc3hA/DzwHHcc8y8O9kAS7cl4SDK0e6z0KHKIX9w7
47bd5fd96c350f5e48f5074ebee98e8b0f4efb8a0cd06db5af2bdc0f3ee6f44f,1580103824,10.158.128.50,
4adf3875a3d8dd3ac4f8be9c83aaa7e3e35a8d664def68bc41fc539bfedfd33f,1101991775,realitygangnetwork.com,/functionalStatus/qPprp9dtVhrGV3R3re5Xy4M2cfQo4wB
5af6626a6bc7265c21adaffb23cc58bc52c4ebfe5bf816f77711d3bc7661c3d6,1101991775,sanfranciscowoodshop.com,/safebrowsing/dfKa/GgVYon5zhYu5L7inFbl1MZEv7RGOnsS00b
5cb2683953b20f34ff26ddc0d3442d07b4cd863f29ec3a208cbed0dc760abd04,1101991775,lodhaamarathane.com,/safebrowsing/dfKa/9T1BuXpqEDg9tx53mQRU6
60905c92501ec55883afc3f6402a05bddfd335323fdc0144515f01e8da0acbda,1580103824,sikescomposites.com,/safebrowsing/Jwjy4/cmr4tZ7IyFGbgCiof2tHMO
60e2fe4eb433d3f6d590e75b2a767755146aca7a9ba6fd387f336ccb3c5391f8,206546002,smutlr.com,/functionalStatus/qPprp9dtVhrGV3R3re5Xy4M2cfQo4wB
647e992e24e18c14099b68083e9b04575164ed2b4f5069f33ff55f84ee97fff0,1101991775,mainecottagebythesea.com,/functionalStatus/cjdl-CLe4j-XHyiEaDqQx
6fc283acfb7dda7bab02f5d23dc90b318f4c73a8e576f90e1cac235bf8d02470,1101991775,edubosi.com,/safebrowsing/bsaGbO6l/ybGoI3wmK2uF9w9aL5qKmnS8IZIWsJqhp
749d061acb0e584df337aaef26f3b555d5596a96bfffc9d6cd7421e22c0bacea,1101991775,cclastnews.com,/safebrowsing/d4alBmGBO/UaIzXMVGvV3tS2OJiKxSzyzbh4u1
797abd3de3cb4c7a1ceb5de5a95717d84333bedcbc0d9e9776d34047203181bc,1101991775,albertonne.com,/safebrowsing/d4alBmGBO/HafYg4QZaRhMBwuLAjVmSPc
8e78ad0ef549f38147c6444910395b053c533ac8fac8cdaa00056ad60b2a0848,1101991775,steveandzina.com,/safebrowsing/d4alBmGBO/mr3lHbohEvZa0mKDWWdwTV5Flsxh
8f1cc6ab8e95b9bfdf22a2bde77392e706b6fb7d3c1a3711dbc7ccd420400953,1101991775,lindecolas.com,/safebrowsing/d4alBmGBO/UaIzXMVGvV3tS2OJiKxSzyzbh4u1
902d29871d3716113ca2af5caa6745cb4ab9d0614595325c1107fb83c1494483,1101991775,mail-adv.com,/safebrowsing/bsaGbO6l/dl1sskHxt1uGDGUnLDB5gxn4vYZQK1kaG6
915503b4e985ab31bc1d284f60003240430b3bdabb398ae112c4bd1fe45f3cdd,1580103824,imsensors.com,/safebrowsing/eMUgI4Z/BOhKRIMsJsuPnn3IQvgrEc3XLQUB3W
96fab57ef06b433f14743da96a5b874e96d8c977b758abeeb0596f2e1222b182,1101991775,gotoknysna.com.global.prod.fastly.net,/safebrowsing/fDeBjO/2hmXORzLK7PkevU1TehrmzD5z9
adc73af758c136e5799e25b4d3d69e462e090c8204ec8b8f548e36aac0f64a66,1580103824,optiontradingsignal.com,/safebrowsing/dpNqi/7CtHhF-isMMQ6m7NmHYNb0N7E7Fe
b916749963bb08b15de7c302521fd0ffec1c6660ba616628997475ae944e86a3,206546002,spanish-home-sales.com,/functionalStatus/fb8ClEdmm-WwYudk-zODoQYB7DX3wQYR
b96d4400e9335d80dedee6f74ffaa4eca9ffce24c370790482c639df52cb3127,1101991775,lepont-edu.com,/safebrowsing/dfKa/9T1BuXpqEDg9tx53mQRU6
bcb32a0f782442467ea8c0bf919a28b58690c68209ae3d091be87ef45d4ef049,1101991775,steveandzina.com,/safebrowsing/d4alBmGBO/YwTM1CK0mBV1Y7UDagpjP
be314279f817f9f000a191efb8bcc2962fcc614b1f93c73dda46755269de404f,1580103824,wasfatsahla.com,/safebrowsing/IsXNCJJfH/5x0rUIrn--r85sLJIuEY7C9q
c7accad7d8da9797788562a3de228186290b0f52b299944bec04a95863632dc0,1101991775,deep-linking.com,/safebrowsing/fDeBjO/dMfdNUdgjjii3Ccalh10Mh4qyAFw5mS
cd7135c94929f55e19e5d66359eab46422c3c59d794dde00c8b4726498e4e01a,1101991775,lepont-edu.com,/safebrowsing/dfKa/9T1BuXpqEDg9tx53mQRU6
d048001f09ad9eedde44f471702a2a0f453c573db9c8811735ec45d65801f1d0,1101991775,promedia-usa.com,/safebrowsing/d4alBmGBO/HafYg4QZaRhMBwuLAjVmSPc
d988a867a53c327099a4c9732a1e4ced6fe6eca5dd68f67e5f562ab822b8374b,1101991775,deep-linking.com,/safebrowsing/fDeBjO/2hmXORzLK7PkevU1TehrmzD5z9
d99bac48e6e347fcfd56bbf723a73b0b6fb5272f92a6931d5f30da76976d1705,1580103824,sikescomposites.com,/safebrowsing/Jwjy4/cmr4tZ7IyFGbgCiof2tHMO
df01b0a8112ca80daf6922405c3f4d1ff7a8ff05233fc0786e9d06e63c9804d6,1580103824,couponbrothers.com,/safebrowsing/Jwjy4/mzAoZyZk7qHIyw3QrEpXij5WFhIo1z8JDUVA0N0
e0c0491e45dda838f4ac01b731dd39cc7064675a6e1b79b184fff99cdce52f54,1580103824,bimelectrical.com,/safebrowsing/7IAMO/Jwee0NMJNKn9sDD8sUEem4g8jcB2v44UINpCIj
e63807daa9be0228d90135ee707ddf03b0035313a88a78e50342807c27658ff2,1580103824,medicare-cost.com,/safebrowsing/dpNqi/F3QExtY65SvTVK1ewA26
e85a2e8995ef37acf15ea79038fae70d4566bd912baac529bad74fbec5bb9c21,1101991775,spanish-home-sales.com,/safebrowsing/d4alBmGBO/EB-9sfMPmsHmH-A7pmll9HbV0g
f2329ae2eb28bba301f132e5923282b74aa7a98693f44425789b18a447a33bff,1580103824,bookmark-tag.com,/safebrowsing/eMUgI4Z/3RzgDBAvgg3DQUn8XtN8l
f245b2bc118c3c20ed96c8a9fd0a7b659364f9e8e2ee681f5683681e93c4d78b,1101991775,eymenelektronik.com,/safebrowsing/dfKa/B58qAhJ0AEF7aNwauoqpAL8
f3d42e4c1a47f0e1d3812d5f912487d04662152c17c7aa63e836bef01a1a4866,1101991775,websterbarn.com,/safebrowsing/fDeBjO/CGZcHKnX3arVCfFp98k8
f570bd331a3d75e065d1825d97b922503c83a52fc54604d601d2e28f4a70902b,1101991775,realitygangnetwork.com,/functionalStatus/vFi8EPnc9zJTD0GgRPxggCQAaNb
5a2dfef182334fe50b586c5e21c6b1caebbc6894e0fcc709bc6ac4b34dfcf240,1101991775,onscenephotos.com,/restore/how/3RG4G5T87
022a4a256ed14ab15c4d1889609810819d0d479d1968e9de65059d7a36e67cb8,1101991775,e-sistem.com,/Detect/devs/NJYO2MUY4V
b2ef753fb6fcbed6a445eb50523271999de8e75614478f4e4b27a792373badda,1101991775,onscenephotos.com,/restore/how/3RG4G5T87
490d69299b2cb513f177e2d26b3c9b931e033bc7ff0b26fefe3fdc1a2e45d6c0,1101991775,python.docs.global.prod.fastly.net,/Collect/union/QXMY8BHNIPH7
ccd0fd238619d22ad5efb3b34fdefbce4298a1cb48cf5263598dcc5efa16a21e,1101991775,diggin-fzbvcfcyagemchbq.z01.azurefd.net,/restore/how/3RG4G5T87
08811cbd99e568fa379b613c27f491a6176f55a792fe735673a229796b744b64,1101991775,onscenephotos.com,/restore/how/3RG4G5T87
c3c05c19501c9f8cf8765e6247445a828b29a1df322c76dd1419fd087ab6875c,1101991775,cdp-chebe6efcxhvd0an.z01.azurefd.net,/Detect/devs/NJYO2MUY4V
c54db14c56c003f9554082c063e4cd2225105177dc8c83c7cd56533219d8a4a5,1101991775,ewebsofts.com,/safebrowsing/3Tqo/UMskN3Lh0LyLy8BfpG1Bsvp
ab761930c5c1cde012f7cd2ffc8bbab8f73dbbe3bd42f48b757f062e8ec463a1,1101991775,henzy-h6hxfpfhcaguhyf5.z01.azurefd.net,/Detect/devs/NJYO2MUY4V
cae33589cafe35e475f86c8738ba6569a90c9ae07d016c95c5347f56bd0f0a50,1101991775,sohopf.com,/apply/admin_/99ZSSAHDH
0aecd621b386126459b39518f157ee240866c6db1885780470d30a0ebf298e16,1101991775,backend.int.global.prod.fastly.net,/Detect/devs/NJYO2MUY4V
13f23b5db4a3d0331c438ca7d516d565a08cac83ae515a51a7ab4e6e76b051b1,1101991775,e-sistem.com,/Detect/devs/NJYO2MUY4V
189b7afdd280d75130e633ebe2fcf8f54f28116a929f5bb5c9320f11afb182d4,1101991775,astradamus.com,/Collect/union/QXMY8BHNIPH7
3760db55a6943f4216f14310ab10d404e5c0a53b966dd634b76dd669f59d2507,1101991775,python.docs.global.prod.fastly.net,/Collect/union/QXMY8BHNIPH7
cef1a88dfc436dab9ae104f0770a434891bbd609e64df43179b42b03a7e8f908,1101991775,backend.int.global.prod.fastly.net,/Detect/devs/NJYO2MUY4V
